22.843,20.68,20.18,20.18,19.81,3.5452,1.7174,1.3164,50,20.3
24.14,20.68,20.18,20.18,19.81,3.939,2.7151,2.1508,50,20.3
25.421,20.68,20.18,20.18,19.81,4.4971,3.8529,3.2423,50,20.3
29.217,20.68,20.18,20.18,19.81,5.5917,5.5325,4.925,50,20.3
30.53,20.68,20.18,20.18,19.81,6.8334,6.4572,6.1613,50,20.3
43.169,20.68,20.18,20.18,19.81,8.2424,7.8667,7.8604,50,20.3
44.435,20.68,20.18,20.18,19.81,9.4868,9.123,9.3453,50,20.3
45.716,20.68,20.18,20.18,19.81,10.616,10.216,10.606,50,20.3
46.997,20.68,20.18,20.18,19.81,11.213,10.725,11.278,50,20.3
48.278,20.68,20.18,20.18,19.81,11.627,11.156,11.731,50,20.3
49.575,20.68,20.18,20.18,19.81,11.675,11.117,11.674,50,20.3
50.872,20.68,20.18,20.18,19.81,11.731,11.054,11.698,50,20.3
52.169,20.68,20.18,20.18,19.81,11.718,11.064,11.669,50,20.3
53.512,20.68,20.18,20.18,19.81,11.735,11.047,11.669,50,20.3
54.809,20.68,20.18,20.18,19.81,11.757,11.054,11.711,50,20.3
56.106,20.68,20.18,20.18,19.81,11.689,11.082,11.76,50,20.3
57.387,20.68,20.18,20.18,19.81,11.689,11.142,11.738,50,20.3
58.653,20.68,20.18,20.18,20.25,11.705,11.128,11.784,50,20.3
59.934,20.68,20.18,20.18,20.25,11.709,11.187,11.737,50,20.3
61.238,20.68,20.18,20.18,20.25,11.707,11.168,11.7,50,20.3
62.519,20.68,20.18,20.18,20.25,11.718,11.082,11.698,50,20.3
63.785,20.68,20.18,20.18,20.25,11.729,11.086,11.669,50,20.3
65.066,20.68,20.18,20.18,20.25,11.753,11.058,11.647,50,20.3
66.347,20.68,20.18,20.18,20.25,11.68,11.047,11.7,50,20.3
67.644,20.68,20.18,20.18,20.25,11.649,11.054,11.676,50,20.3
68.925,20.68,20.18,20.18,20.25,11.669,11.101,11.647,50,20.3
70.222,20.68,20.18,20.18,20.25,11.658,11.022,11.647,50,20.3
71.495,20.68,20.18,20.18,20.75,11.612,11.012,11.607,50,20.3
72.776,20.68,20.18,20.18,20.75,11.663,10.961,11.629,50,20.3
74.072,20.68,20.18,20.18,20.75,11.685,10.97,11.631,50,20.3
75.369,20.68,20.18,20.18,20.75,11.656,10.939,11.644,50,20.3
76.729,20.68,20.18,20.18,20.75,11.665,11.002,11.682,50,20.3
78.072,20.68,20.18,20.18,20.75,11.681,11.049,11.716,50,20.3
79.385,20.68,20.18,20.18,20.75,11.698,11.047,11.692,50,20.3
80.713,20.68,20.18,20.18,20.75,11.703,11.063,11.734,50,20.3
82.103,20.68,20.18,20.18,20.75,11.685,11.072,11.711,50,20.3
83.4,20.68,20.18,20.18,21.25,11.625,11.113,11.709,50,20.3
84.697,20.68,20.18,20.18,21.25,11.629,11.057,11.658,50,20.3
85.994,20.68,20.18,20.18,21.25,11.556,11.137,11.649,50,20.3
87.29,20.68,20.18,20.18,21.25,11.554,11.081,11.603,50,20.3
88.587,20.68,20.18,20.18,21.25,11.556,11.093,11.641,50,20.3
89.853,20.68,20.18,20.18,21.25,11.612,11.061,11.609,50,20.43
91.149,20.68,20.18,20.18,21.25,11.614,11.138,11.667,50.354,20.583
92.446,20.68,20.18,20.18,21.25,11.645,11.147,11.634,50.706,20.716
93.743,20.68,20.18,20.18,21.75,11.674,11.142,11.647,51.058,20.854
95.055,20.68,20.18,20.18,21.75,11.734,11.133,11.625,51.408,20.99
96.337,20.68,20.18,20.18,21.75,11.731,11.133,11.663,51.757,21.129
97.618,20.68,20.18,20.18,21.75,11.725,11.176,11.702,52.105,21.274
98.915,20.68,20.18,20.18,21.75,11.816,11.146,11.82,52.446,21.433
100.21,20.68,20.18,20.18,21.75,11.845,11.215,11.885,52.783,21.592
101.51,20.68,20.18,20.18,21.75,11.877,11.35,11.94,53.112,21.76
102.79,20.68,20.18,20.18,21.75,11.976,11.384,12.054,53.433,21.931
104.12,20.68,20.18,20.18,22.25,12.109,11.462,12.069,53.747,22.099
105.44,20.68,20.18,20.18,22.25,12.113,11.601,12.138,54.053,22.268
106.74,20.68,20.18,20.18,22.25,12.242,11.666,12.208,54.351,22.443
108.04,20.68,20.18,20.25,22.25,12.349,11.792,12.34,54.637,22.599
109.32,20.68,20.18,20.25,22.25,12.473,11.883,12.529,54.91,22.796
110.62,20.68,20.18,20.18,22.25,12.579,11.93,12.751,55.171,23.025
111.93,20.68,20.18,20.25,22.25,12.724,12.082,12.862,55.418,23.188
113.23,20.68,20.18,20.25,22.25,12.844,12.203,12.97,55.653,23.379
114.52,20.68,20.18,20.25,22.75,12.923,12.247,13.082,55.88,23.554
115.8,20.68,20.18,20.25,22.75,12.973,12.376,13.065,56.1,23.719
117.08,20.68,20.18,20.25,22.75,13.032,12.437,13.111,56.315,23.885
118.4,20.68,20.18,20.25,22.75,13.112,12.419,13.143,56.527,24.04
119.71,20.68,20.25,20.25,22.75,13.118,12.506,13.237,56.733,24.175
121.02,20.68,20.25,20.25,22.75,13.225,12.495,13.282,56.934,24.337
122.33,20.68,20.25,20.25,22.75,13.243,12.475,13.332,57.132,24.487
123.63,20.68,20.25,20.25,23.25,13.284,12.52,13.286,57.329,24.635
124.93,20.68,20.25,20.25,23.25,13.307,12.514,13.338,57.525,24.788
126.22,20.68,20.25,20.25,23.25,13.326,12.491,13.37,57.719,24.936
127.52,20.68,20.25,20.25,23.25,13.361,12.535,13.382,57.91,25.093
128.82,20.68,20.25,20.25,23.25,13.46,12.514,13.439,58.097,25.256
130.1,20.68,20.25,20.25,23.25,13.451,12.501,13.521,58.282,25.409
131.36,20.68,20.25,20.25,23.25,13.464,12.561,13.583,58.462,25.574
132.66,20.68,20.25,20.25,23.75,13.548,12.571,13.671,58.637,25.745
134,20.68,20.25,20.25,23.75,13.58,12.652,13.791,58.805,25.925
135.28,20.68,20.25,20.25,23.75,13.523,12.804,13.816,58.967,26.09
136.6,20.68,20.25,20.25,23.75,13.59,12.893,13.818,59.125,26.259
137.88,20.75,20.25,20.25,23.75,13.664,12.899,13.881,59.278,26.388
139.18,20.75,20.25,20.25,23.75,13.649,12.993,13.819,59.429,26.537
140.49,20.75,20.25,20.25,23.75,13.604,13.088,13.746,59.581,26.682
141.78,20.75,20.25,20.25,24.25,13.683,13.059,13.807,59.73,26.844
143.08,20.75,20.25,20.25,24.25,13.687,13.063,13.838,59.878,26.997
144.36,20.75,20.25,20.25,24.25,13.768,13.138,13.728,60.039,27.15
145.66,20.75,20.25,20.25,24.25,13.838,13.158,13.776,60.276,27.317
146.94,20.75,20.25,20.25,24.25,13.92,13.068,13.823,60.509,27.469
148.22,20.75,20.25,20.25,24.25,14.026,13.126,13.865,60.732,27.646
149.52,20.75,20.25,20.25,24.25,14.162,13.169,13.848,60.946,27.817
150.81,20.75,20.25,20.25,24.75,14.186,13.133,13.969,61.154,27.981
152.13,20.75,20.25,20.25,24.75,14.241,13.143,14.037,61.354,28.15
153.42,20.75,20.25,20.25,24.75,14.265,13.274,14.106,61.543,28.333
154.74,20.75,20.25,20.25,24.75,14.257,13.336,14.059,61.729,28.484
156.05,20.75,20.25,20.25,24.75,14.192,13.382,14.169,61.911,28.649
157.33,20.75,20.25,20.25,24.75,14.174,13.474,14.123,62.091,28.805
158.63,20.75,20.25,20.25,24.75,14.199,13.524,14.126,62.266,28.967
159.96,20.75,20.25,20.25,25.25,14.255,13.486,14.106,62.442,29.116
161.27,20.75,20.25,20.25,25.25,14.369,13.467,14.143,62.611,29.285
162.58,20.75,20.25,20.25,25.25,14.432,13.501,14.231,62.77,29.463
163.86,20.75,20.25,20.25,25.25,14.591,13.505,14.324,62.917,29.651
165.18,20.75,20.25,20.75,25.25,14.593,13.486,14.335,63.06,29.513
166.49,20.75,20.25,20.75,25.25,14.641,13.488,14.396,63.199,29.678
167.8,20.75,20.25,20.75,25.75,14.531,13.465,14.423,63.341,29.813
169.11,20.75,20.25,20.75,25.75,14.571,13.427,14.418,63.485,29.962
170.41,20.75,20.25,20.75,25.75,14.517,13.457,14.401,63.63,30.107
171.71,20.75,20.25,20.75,25.75,14.554,13.414,14.403,63.776,30.256
172.99,20.75,20.75,20.75,25.75,14.584,13.42,14.418,63.92,30.143
174.28,20.75,20.75,20.75,25.75,14.666,13.449,14.466,64.056,30.311
175.58,20.75,20.75,20.75,26.25,14.758,13.476,14.478,64.185,30.476
176.86,20.75,20.75,20.75,26.25,14.826,13.485,14.542,64.305,30.643
178.16,20.75,20.75,20.75,26.25,14.866,13.555,14.606,64.417,30.814
179.44,20.75,20.75,20.75,26.25,14.892,13.596,14.685,64.52,30.982
180.78,20.75,20.75,20.75,26.25,14.955,13.694,14.732,64.612,31.159
182.08,21.25,20.75,20.75,26.25,15.013,13.662,14.741,64.701,31.011
183.36,21.25,20.75,20.75,26.25,15.014,13.69,14.704,64.789,31.156
184.66,21.25,20.75,20.75,26.75,14.999,13.696,14.737,64.877,31.306
185.97,21.25,20.75,20.75,26.75,15.033,13.652,14.739,64.964,31.452
187.28,21.25,20.75,20.75,26.75,14.951,13.654,14.699,65.057,31.585
188.56,21.25,20.75,20.75,26.75,14.888,13.761,14.656,65.151,31.733
189.88,21.25,20.75,20.75,26.75,14.905,13.714,14.681,65.245,31.879
191.19,21.25,20.75,20.75,26.75,14.994,13.708,14.587,65.34,32.023
192.51,21.25,20.75,20.75,27.25,15.012,13.729,14.473,65.439,32.16
193.81,21.25,20.75,20.75,27.25,15.047,13.753,14.466,65.536,32.313
195.11,21.25,20.75,20.75,27.25,15.03,13.733,14.534,65.63,32.465
196.41,21.25,20.75,20.75,27.25,14.994,13.861,14.541,65.721,32.627
197.71,21.25,20.75,20.75,27.25,15.006,13.92,14.598,65.804,32.791
198.99,21.25,20.75,21.25,27.75,14.948,13.97,14.676,65.883,32.654
200.27,21.25,20.75,21.25,27.75,14.969,14.019,14.701,65.957,32.81
201.57,21.25,20.75,21.25,27.75,15.047,14.04,14.678,66.026,32.965
202.86,21.25,20.75,21.25,27.75,15.078,13.927,14.794,66.093,33.112
204.18,21.25,21.25,21.25,27.75,15.071,14.006,14.821,66.156,32.988
205.49,21.25,21.25,21.25,27.75,15.168,13.985,14.807,66.214,33.138
206.78,21.25,21.25,21.25,27.75,15.228,13.922,14.798,66.272,33.28
208.07,21.25,21.25,21.25,28.25,15.196,13.92,14.789,66.333,33.419
209.35,21.25,21.25,21.25,28.25,15.169,14.06,14.659,66.394,33.56
210.66,21.75,21.25,21.25,28.25,15.136,13.99,14.657,66.461,33.387
211.97,21.75,21.25,21.25,28.25,15.056,14.051,14.676,66.528,33.529
213.27,21.75,21.25,21.25,28.25,15.066,14.064,14.685,66.595,33.673
214.55,21.75,21.25,21.25,28.25,15.139,14.029,14.719,66.657,33.82
215.85,21.75,21.25,21.25,28.81,15.215,13.959,14.747,66.718,33.963
217.16,21.75,21.25,21.25,28.81,15.198,14.053,14.701,66.776,34.107
218.47,21.75,21.25,21.25,28.81,15.254,14.042,14.71,66.832,34.253
219.77,21.75,21.25,21.25,28.81,15.215,14.034,14.781,66.886,20.3
221.08,21.75,21.25,21.25,28.81,15.173,14.117,14.822,66.936,20.3
222.38,21.75,21.25,21.25,28.81,15.173,14.127,14.864,66.983,20.3
223.66,21.75,21.25,21.25,29.25,15.272,14.077,14.979,67.023,20.3
224.96,21.75,21.25,21.25,29.25,15.292,14.07,15.056,67.056,20.3
226.25,21.75,21.25,21.25,29.25,15.407,14.112,14.95,67.086,20.3
227.55,21.75,21.25,21.25,29.25,15.407,14.118,14.971,67.114,20.3
228.85,21.75,21.25,21.75,29.25,15.396,14.145,14.979,67.141,27.3
230.14,21.75,21.75,21.75,29.25,15.421,14.143,14.955,67.168,27.3
231.44,21.75,21.75,21.75,29.75,15.433,14.106,14.919,67.197,27.3
232.74,21.75,21.75,21.75,29.75,15.338,14.146,15,67.226,27.3
234.05,21.75,21.75,21.75,29.75,15.328,14.182,14.952,67.256,27.3
235.35,22.25,21.75,21.75,29.75,15.324,14.189,14.852,67.29,27.3
236.66,22.25,21.75,21.75,29.75,15.267,14.277,14.78,67.327,27.3
237.97,22.25,21.75,21.75,29.75,15.309,14.316,14.845,67.358,27.3
239.27,22.25,21.75,21.75,29.75,15.371,14.291,14.857,67.386,27.3
240.58,22.25,21.75,21.75,29.75,15.401,14.197,14.886,67.414,27.3
241.89,22.25,21.75,21.75,30.25,15.401,14.188,15.005,67.438,27.3
243.2,22.25,21.75,21.75,30.25,15.415,14.141,15.066,67.459,27.3
244.52,22.25,21.75,21.75,30.25,15.283,14.254,14.986,67.484,27.3
245.83,22.25,21.75,21.75,30.25,15.275,14.196,14.972,67.514,27.3
247.14,22.25,21.75,21.75,30.25,15.298,14.264,14.957,67.542,27.3
248.45,22.25,21.75,21.75,30.25,15.268,14.323,14.922,67.569,27.3
249.75,22.25,21.75,21.75,30.25,15.31,14.252,14.921,67.597,27.3
251.06,22.25,21.75,21.75,30.25,15.464,14.175,14.86,67.625,27.3
252.38,22.25,21.75,21.75,30.75,15.438,14.267,14.884,67.649,27.3
253.69,22.25,21.75,21.75,30.75,15.407,14.218,14.891,67.675,27.3
254.97,22.25,22.25,21.75,30.75,15.411,14.232,14.904,67.701,27.3
256.28,22.25,22.25,21.75,30.75,15.404,14.345,14.946,67.719,27.3
257.59,22.25,22.25,22.25,30.75,15.323,14.367,14.988,67.737,27.3
258.9,22.25,22.25,22.25,30.75,15.389,14.32,14.927,67.757,27.3
260.2,22.75,22.25,22.25,30.75,15.423,14.365,14.868,67.776,27.3
261.5,22.75,22.25,22.25,30.75,15.571,14.312,14.779,67.795,27.3
262.79,22.75,22.25,22.25,30.75,15.532,14.297,14.736,67.818,27.3
264.09,22.75,22.25,22.25,31.25,15.512,14.317,14.727,67.843,27.3
265.39,22.75,22.25,22.25,31.25,15.475,14.364,14.709,67.868,27.3
266.69,22.75,22.25,22.25,31.25,15.452,14.414,14.772,67.889,27.3
267.97,22.75,22.25,22.25,31.25,15.325,14.343,14.897,67.912,27.3
269.26,22.75,22.25,22.25,31.25,15.348,14.396,14.801,67.937,27.3
270.56,22.75,22.25,22.25,31.25,15.392,14.41,14.802,67.96,27.3
271.86,22.75,22.25,22.25,31.25,15.363,14.38,14.818,67.984,27.3
273.15,22.75,22.25,22.25,31.25,15.397,14.355,14.759,68.011,27.3
274.47,22.75,22.25,22.25,31.25,15.511,14.489,14.73,68.028,27.3
275.78,22.75,22.25,22.25,31.25,15.487,14.376,14.797,68.046,27.3
277.11,22.75,22.25,22.25,31.75,15.507,14.278,14.771,68.07,27.3
278.4,22.75,22.25,22.25,31.75,15.477,14.289,14.877,68.09,27.3
279.71,22.75,22.25,22.25,31.75,15.402,14.319,14.945,68.109,27.3
280.98,22.75,22.25,22.25,31.75,15.405,14.209,14.9,68.134,27.3
282.31,22.75,22.75,22.25,31.75,15.371,14.296,14.921,68.158,27.3
283.61,23.25,22.75,22.25,31.75,15.422,14.361,14.907,68.177,27.3
284.9,23.25,22.75,22.25,31.75,15.474,14.288,14.795,68.2,27.3
286.2,23.25,22.75,22.25,31.75,15.51,14.206,14.786,68.227,27.3
287.5,23.25,22.75,22.25,31.75,15.447,14.217,14.785,68.257,27.3
288.79,23.25,22.75,22.25,31.75,15.553,14.163,14.695,68.289,27.3
290.11,23.25,22.75,22.75,31.75,15.448,14.229,14.737,68.322,27.3
291.4,23.25,22.75,22.75,31.75,15.467,14.28,14.721,68.352,27.3
292.71,23.25,22.75,22.75,32.25,15.533,14.366,14.723,68.375,27.3
294.01,23.25,22.75,22.75,32.25,15.528,14.451,14.731,68.392,27.3
295.31,23.25,22.75,22.75,32.25,15.485,14.451,14.851,68.404,27.3
296.62,23.25,22.75,22.75,32.25,15.522,14.398,14.819,68.418,27.3
297.9,23.25,22.75,22.75,32.25,15.522,14.407,14.819,68.433,27.3
299.2,23.25,22.75,22.75,32.25,15.603,14.366,14.809,68.445,27.3
300.53,23.25,22.75,22.75,32.25,15.529,14.397,14.844,68.458,27.3
301.82,23.25,22.75,22.75,32.25,15.441,14.43,14.89,68.471,27.3
303.12,23.25,22.75,22.75,32.25,15.441,14.397,14.971,68.482,27.3
304.42,23.25,22.75,22.75,32.25,15.429,14.397,14.923,68.496,27.3
305.75,23.25,22.75,22.75,32.25,15.256,14.229,14.875,68.527,27.3
307.04,23.25,22.75,22.75,32.25,15.239,14.188,14.84,68.566,27.3
308.34,23.25,22.75,22.75,32.25,15.279,14.172,14.74,68.611,27.3
309.67,23.75,23.25,22.75,32.25,15.289,14.196,14.678,68.657,27.3
310.96,23.75,23.25,22.75,32.25,15.231,14.205,14.773,68.701,27.3
312.24,23.75,23.25,22.75,32.75,15.302,14.353,14.769,68.736,27.3
313.57,23.75,23.25,22.75,32.75,15.366,14.266,14.769,68.769,27.3
314.87,23.75,23.25,22.75,32.75,15.416,14.248,14.759,68.801,27.3
316.17,23.75,23.25,22.75,32.75,15.313,14.323,14.835,68.831,27.3
317.48,23.75,23.25,22.75,32.75,15.369,14.378,14.88,68.853,27.3
318.77,23.75,23.25,22.75,32.75,15.444,14.38,14.872,68.871,27.3
320.09,23.75,23.25,22.75,32.75,15.461,14.474,14.945,68.88,27.3
321.4,23.75,23.25,22.75,32.75,15.533,14.445,15.028,68.881,27.3
322.7,23.75,23.25,23.25,32.75,15.601,14.418,14.938,68.883,27.3
324,23.75,23.25,23.25,32.75,15.605,14.331,14.848,68.893,27.3
325.31,23.75,23.25,23.25,32.75,15.469,14.425,14.878,68.905,27.3
326.59,23.75,23.25,23.25,32.75,15.479,14.428,14.812,68.92,27.3
327.87,23.75,23.25,23.25,32.75,15.445,14.502,14.731,68.938,27.3
329.15,23.75,23.25,23.25,32.75,15.52,14.534,14.738,68.951,27.3
330.46,23.75,23.25,23.25,32.75,15.459,14.627,14.865,68.955,27.3
331.76,23.75,23.25,23.25,32.75,15.506,14.551,14.881,68.958,27.3
333.07,23.75,23.25,23.25,32.75,15.386,14.488,14.95,68.967,27.3
334.39,23.75,23.25,23.25,32.75,15.304,14.445,15.063,68.977,27.3
335.68,23.75,23.25,23.25,33.25,15.276,14.367,15.051,68.993,27.3
337.01,24.25,23.25,23.25,33.25,15.335,14.354,14.922,69.014,27.3
338.31,24.25,23.25,23.25,33.25,15.366,14.374,14.843,69.036,27.3
339.59,24.25,23.25,23.25,33.25,15.421,14.43,14.716,69.06,27.3
340.89,24.25,23.75,23.25,33.25,15.406,14.358,14.629,69.092,27.3
342.21,24.25,23.75,23.25,33.25,15.355,14.422,14.607,69.126,27.3
343.49,24.25,23.75,23.25,33.25,15.392,14.373,14.625,69.16,27.3
344.8,24.25,23.75,23.25,33.25,15.237,14.369,14.659,69.2,27.3
346.1,24.25,23.75,23.25,33.25,15.182,14.381,14.641,69.243,27.3
347.39,24.25,23.75,23.25,33.25,15.187,14.444,14.672,69.283,27.3
348.69,24.25,23.75,23.25,33.25,15.153,14.374,14.676,69.326,27.3
350.02,24.25,23.75,23.25,33.25,15.082,14.327,14.672,69.376,27.3
351.31,24.25,23.75,23.25,33.25,15.253,14.277,14.723,69.419,27.3
352.61,24.25,23.75,23.25,33.25,15.333,14.146,14.891,69.455,27.3
353.92,24.25,23.75,23.25,33.25,15.374,14.075,14.888,69.492,27.3
355.24,24.25,23.75,23.25,33.25,15.299,14.156,14.889,69.528,27.3
356.53,24.25,23.75,23.25,33.25,15.303,14.262,14.903,69.559,27.3
357.83,24.25,23.75,23.25,33.25,15.154,14.291,14.81,69.598,27.3
359.13,24.25,23.75,23.25,33.25,15.111,14.459,14.665,69.641,27.3
360.42,24.25,23.75,23.75,33.25,15.131,14.604,14.66,69.676,27.3
361.72,24.25,23.75,23.75,33.25,15.202,14.593,14.776,69.702,27.3
363.03,24.25,23.75,23.75,33.25,15.217,14.533,14.852,69.724,27.3
364.38,24.25,23.75,23.75,33.25,15.26,14.572,14.85,69.743,27.3
365.67,24.25,23.75,23.75,33.75,15.374,14.576,14.88,69.754,27.3
366.97,24.25,23.75,23.75,33.75,15.446,14.6,14.842,69.761,27.3
368.25,24.75,23.75,23.75,33.75,15.6,14.506,14.835,69.765,27.3
369.55,24.75,23.75,23.75,33.75,15.603,14.489,14.733,69.773,27.3
370.85,24.75,23.75,23.75,33.75,15.695,14.405,14.802,69.779,27.3
372.16,24.75,23.75,23.75,33.75,15.711,14.343,14.937,69.781,27.3
373.47,24.75,24.25,23.75,33.75,15.668,14.318,14.884,69.787,27.3
374.77,24.75,24.25,23.75,33.75,15.584,14.402,14.808,69.797,27.3
376.07,24.75,24.25,23.75,33.75,15.657,14.333,14.915,69.804,27.3
377.37,24.75,24.25,23.75,33.75,15.624,14.394,14.929,69.807,27.3
378.66,24.75,24.25,23.75,33.75,15.629,14.367,14.877,69.813,27.3
379.94,24.75,24.25,23.75,33.75,15.651,14.341,14.909,69.819,27.3
381.27,24.75,24.25,23.75,33.75,15.692,14.307,14.923,69.824,27.3
382.58,24.75,24.25,23.75,33.75,15.682,14.421,14.89,69.825,27.3
383.88,24.75,24.25,23.75,33.75,15.672,14.428,14.911,69.825,27.3
385.22,24.75,24.25,23.75,33.75,15.677,14.416,14.828,69.828,27.3
386.52,24.75,24.25,23.75,33.75,15.572,14.471,14.835,69.834,27.3
387.82,24.75,24.25,23.75,33.75,15.575,14.524,14.917,69.835,27.3
389.11,24.75,24.25,23.75,33.75,15.645,14.568,14.904,69.829,27.3
390.39,24.75,24.25,23.75,33.75,15.625,14.582,14.823,69.827,27.3
391.69,24.75,24.25,23.75,33.75,15.679,14.54,14.825,69.825,27.3
393,24.75,24.25,23.75,33.75,15.792,14.517,14.881,69.816,27.3
394.31,24.75,24.25,23.75,33.75,15.777,14.452,14.855,69.81,27.3
395.61,24.75,24.25,23.75,33.75,15.642,14.441,14.803,69.814,27.3
396.89,24.75,24.25,23.75,33.75,15.654,14.461,14.901,69.814,27.3
398.19,24.75,24.25,23.75,33.75,15.445,14.675,14.878,69.814,27.3
399.49,24.75,24.25,23.75,33.75,15.437,14.659,14.873,69.816,27.3
400.78,25.25,24.25,23.75,33.75,15.415,14.654,14.835,69.82,27.3
402.08,25.25,24.25,23.75,33.75,15.342,14.65,14.92,69.825,27.3
403.36,25.25,24.25,23.75,33.75,15.332,14.652,14.923,69.831,27.3
404.66,25.25,24.25,24.25,33.75,15.38,14.551,14.951,69.837,27.3
405.95,25.25,24.25,24.25,33.75,15.3,14.558,14.977,69.845,27.3
407.25,25.25,24.25,24.25,34.25,15.295,14.601,15.011,69.851,27.3
408.53,25.25,24.25,24.25,34.25,15.38,14.504,14.986,69.858,27.3
409.83,25.25,24.25,24.25,34.25,15.29,14.492,15.016,69.869,27.3
411.11,25.25,24.25,24.25,34.25,15.315,14.465,14.99,69.881,27.3
412.39,25.25,24.75,24.25,34.25,15.432,14.46,14.992,69.889,27.3
413.69,25.25,24.75,24.25,34.25,15.467,14.467,14.99,69.893,27.3
414.99,25.25,24.75,24.25,34.25,15.487,14.498,14.959,69.897,27.3
416.3,25.25,24.75,24.25,34.25,15.544,14.514,14.992,69.895,27.3
417.61,25.25,24.75,24.25,34.25,15.549,14.425,15.066,69.893,27.3
418.89,25.25,24.75,24.25,34.25,15.476,14.478,14.998,69.895,27.3
420.19,25.25,24.75,24.25,34.25,15.386,14.501,14.981,69.901,27.3
421.5,25.25,24.75,24.25,34.25,15.276,14.551,14.978,69.911,27.3
422.8,25.25,24.75,24.25,34.25,15.366,14.495,14.863,69.926,27.3
424.09,25.25,24.75,24.25,34.25,15.41,14.639,14.809,69.935,27.3
425.39,25.25,24.75,24.25,34.25,15.415,14.5,14.884,69.946,27.3
426.69,25.25,24.75,24.25,34.25,15.521,14.416,14.863,69.957,27.3
427.99,25.25,24.75,24.25,34.25,15.611,14.432,14.903,69.961,27.3
429.27,25.25,24.75,24.25,34.25,15.575,14.421,14.942,69.965,27.3
430.56,25.25,24.75,24.25,34.25,15.435,14.388,14.996,69.973,27.3
431.86,25.25,24.75,24.25,34.25,15.375,14.462,14.981,69.983,27.3
433.16,25.25,24.75,24.25,34.25,15.394,14.537,14.948,69.991,27.3
434.47,25.75,24.75,24.25,34.25,15.391,14.512,14.899,70.001,27.3
435.78,25.75,24.75,24.25,34.25,15.337,14.539,14.849,70.015,27.3
437.11,25.75,24.75,24.25,34.25,15.37,14.519,14.844,70.03,27.3
438.42,25.75,24.75,24.25,34.25,15.387,14.57,14.83,70.043,27.3
439.72,25.75,24.75,24.25,34.25,15.322,14.492,14.865,70.059,27.3
441.01,25.75,24.75,24.25,34.25,15.296,14.593,14.91,70.072,27.3
442.31,25.75,24.75,24.25,34.25,15.339,14.615,14.91,70.08,27.3
443.61,25.75,24.75,24.25,34.25,15.286,14.742,14.888,70.085,27.3
444.89,25.75,24.75,24.25,34.25,15.291,14.739,14.849,70.092,27.3
446.15,25.75,24.75,24.25,34.25,15.164,14.744,14.861,70.103,27.3
447.44,25.75,24.75,24.25,34.25,15.069,14.701,14.827,70.124,27.3
448.73,25.75,24.75,24.25,34.25,14.979,14.738,14.851,70.148,27.3
450.05,25.75,24.75,24.25,34.25,15.114,14.626,14.848,70.171,27.3
451.33,25.75,24.75,24.25,34.25,15.015,14.675,14.908,70.193,27.3
452.61,25.75,24.75,24.75,34.25,15.063,14.739,14.927,70.21,27.3
453.9,25.75,24.75,24.75,34.25,15.099,14.718,14.957,70.223,27.3
455.22,25.75,24.75,24.75,34.25,15.077,14.739,15.018,70.232,27.3
456.52,25.75,24.75,24.75,34.25,14.982,14.823,15.106,70.238,27.3
457.79,25.75,24.75,24.75,34.25,15.059,14.751,15.003,70.247,27.3
459.07,25.75,24.75,24.75,34.75,15.172,14.755,14.921,70.256,27.3
460.36,25.75,24.75,24.75,34.75,15.23,14.653,14.927,70.266,27.3
461.66,25.75,24.75,24.75,34.75,15.345,14.534,14.854,70.28,27.3
462.97,25.75,24.75,24.75,34.75,15.314,14.538,14.805,70.299,27.3
464.29,25.75,24.75,24.75,34.75,15.427,14.582,14.798,70.311,27.3
465.58,25.75,25.25,24.75,34.75,15.451,14.566,14.847,70.319,27.3
466.89,25.75,25.25,24.75,34.75,15.373,14.613,14.84,70.328,27.3
468.24,25.75,25.25,24.75,34.75,15.283,14.647,14.831,70.341,27.3
469.53,25.75,25.25,24.75,34.75,15.37,14.621,14.755,70.355,27.3
470.83,25.75,25.25,24.75,34.75,15.294,14.506,14.825,70.375,27.3
472.13,25.75,25.25,24.75,34.75,15.12,14.523,14.797,70.404,27.3
473.42,25.75,25.25,24.75,34.75,15.147,14.629,14.762,70.43,27.3
474.74,26.25,25.25,24.75,34.75,15.23,14.708,14.695,70.452,27.3
476.06,26.25,25.25,24.75,34.75,15.237,14.793,14.706,70.468,27.3
477.36,26.25,25.25,24.75,34.75,15.183,14.916,14.704,70.479,27.3
478.67,26.25,25.25,24.75,34.75,15.255,14.903,14.734,70.486,27.3
480,26.25,25.25,24.75,34.75,15.34,14.787,14.78,70.492,27.3
481.3,26.25,25.25,24.75,34.75,15.229,14.768,14.901,70.497,27.3
482.63,26.25,25.25,24.75,34.75,15.076,14.681,14.986,70.51,27.3
483.94,26.25,25.25,24.75,34.75,15.149,14.662,15,70.521,27.3
485.25,26.25,25.25,24.75,34.75,15.136,14.728,15.003,70.529,27.3
486.55,26.25,25.25,24.75,34.75,15.122,14.795,14.97,70.535,27.3
487.86,26.25,25.25,24.75,34.75,15.231,14.799,14.903,70.54,27.3
489.17,26.25,25.25,24.75,34.75,15.296,14.782,14.905,70.541,27.3
490.48,26.25,25.25,24.75,34.75,15.323,14.73,14.923,70.542,27.3
491.8,26.25,25.25,24.75,34.75,15.371,14.605,14.977,70.545,27.3
493.09,26.25,25.25,24.75,34.75,15.381,14.621,14.99,70.546,27.3
494.41,26.25,25.25,24.75,34.75,15.411,14.623,15.048,70.542,27.3
495.7,26.25,25.25,24.75,34.75,15.557,14.688,14.952,70.532,27.3
497.01,26.25,25.25,24.75,34.75,15.463,14.667,14.94,70.527,27.3
498.31,26.25,25.25,24.75,34.75,15.463,14.701,14.925,70.522,27.3
499.62,26.25,25.25,24.75,34.75,15.309,14.756,14.923,70.522,27.3
500.95,26.25,25.25,24.75,34.75,15.161,14.777,14.824,70.532,27.3
502.23,26.25,25.25,24.75,34.75,15.14,14.657,14.897,70.549,27.3
503.55,26.25,25.25,24.75,34.75,15.028,14.712,14.933,70.567,27.3
504.84,26.25,25.25,24.75,34.75,14.953,14.768,14.886,70.588,27.3
506.15,26.25,25.25,24.75,34.75,15.03,14.683,14.941,70.608,27.3
507.44,26.25,25.25,25.25,34.75,15.119,14.627,14.996,70.623,27.3
508.75,26.25,25.25,25.25,34.75,15.04,14.675,14.984,70.639,27.3
510.06,26.25,25.25,25.25,34.75,15.108,14.654,14.96,70.655,27.3
511.37,26.25,25.25,25.18,34.75,15.202,14.643,14.949,70.667,27.3
512.69,26.25,25.25,25.25,34.75,15.183,14.669,14.91,70.68,27.3
514,26.25,25.25,25.25,34.75,15.243,14.666,15.028,70.685,27.3
515.29,26.25,25.25,25.25,34.75,15.275,14.664,15.067,70.686,27.3
516.61,26.25,25.25,25.25,34.75,15.373,14.698,15.028,70.681,27.3
517.92,26.25,25.25,25.25,35.25,15.293,14.724,14.998,70.68,27.3
519.25,26.25,25.25,25.25,35.18,15.329,14.701,15.01,70.678,27.3
520.54,26.75,25.25,25.25,35.18,15.216,14.75,14.934,70.682,27.3
521.81,26.68,25.25,25.25,35.25,15.259,14.778,14.845,70.688,27.3
523.14,26.75,25.25,25.25,35.25,15.116,14.776,14.95,70.696,27.3
524.47,26.75,25.25,25.25,35.25,15.115,14.773,14.941,70.706,27.3
525.78,26.75,25.25,25.25,35.25,15.125,14.856,14.877,70.714,27.3
527.11,26.75,25.25,25.25,35.25,15.174,14.812,14.955,70.718,27.3
528.44,26.75,25.25,25.25,35.25,15.085,14.847,14.992,70.722,27.3
529.77,26.75,25.25,25.25,35.25,15.189,14.829,14.872,70.728,27.3
531.08,26.75,25.25,25.25,35.25,15.126,14.834,14.914,70.735,27.3
532.41,26.75,25.25,25.25,35.25,15.186,14.774,14.929,70.741,27.3
533.74,26.75,25.25,25.25,35.25,15.051,14.814,14.863,70.754,27.3
535.05,26.75,25.25,25.25,35.25,14.966,14.747,14.93,70.773,27.3
536.38,26.75,25.25,25.25,35.25,14.821,14.704,14.972,70.8,27.3
537.67,26.75,25.25,25.25,35.25,14.976,14.614,14.958,70.825,27.3
538.99,26.75,25.25,25.25,35.25,14.989,14.574,14.986,70.85,27.3
540.3,26.75,25.25,25.25,35.25,15.076,14.579,15.103,70.866,27.3
541.61,26.75,25.25,25.25,35.25,15.188,14.57,15.038,70.878,27.3
542.91,26.75,25.25,25.25,35.25,15.262,14.72,15.079,70.878,27.3
544.22,26.75,25.25,25.25,35.25,15.154,14.763,15.167,70.873,27.3
545.53,26.75,25.75,25.25,35.25,15.072,14.803,15.087,70.874,27.3
546.84,26.75,25.68,25.25,35.25,15.027,14.759,14.913,70.888,27.3
548.16,26.75,25.68,25.25,35.25,15.067,14.736,14.868,70.906,27.3
549.47,26.75,25.75,25.25,35.25,14.98,14.638,14.817,70.934,27.3
550.8,26.75,25.75,25.25,35.25,14.992,14.718,14.751,70.965,27.3
552.12,26.75,25.75,25.25,35.25,14.98,14.693,14.859,70.991,27.3
553.45,26.75,25.75,25.25,35.25,15.002,14.775,14.974,71.008,27.3
554.76,26.75,25.75,25.25,35.25,14.975,14.77,14.997,71.022,27.3
556.09,26.75,25.75,25.25,35.25,15.039,14.8,15.05,71.03,27.3
557.42,26.75,25.75,25.25,35.25,14.963,14.808,15.086,71.037,27.3
558.75,26.75,25.75,25.25,35.25,14.93,14.773,15.014,71.052,27.3
560.06,26.75,25.75,25.25,35.25,14.969,14.687,15.014,71.069,27.3
561.39,26.75,25.75,25.25,35.25,14.99,14.809,15.071,71.079,27.3
562.72,26.75,25.75,25.25,35.25,15.047,14.762,15.071,71.086,27.3
564.06,26.75,25.75,25.25,35.25,15.151,14.682,15.024,71.093,27.3
565.39,26.75,25.75,25.25,35.25,15.165,14.737,15.074,71.096,27.3
566.69,26.75,25.75,25.25,35.25,15.181,14.885,14.924,71.097,27.3
568,26.75,25.75,25.25,35.25,15.159,14.781,14.885,71.105,27.3
569.31,26.75,25.75,25.25,35.25,15.084,14.839,14.839,71.117,27.3
570.62,26.75,25.75,25.25,35.25,15.025,14.877,14.88,71.13,27.3
571.94,27.25,25.75,25.25,35.25,15.004,14.907,14.906,71.14,27.3
573.23,27.25,25.75,25.25,35.25,14.989,14.856,14.993,71.149,27.3
574.53,27.25,25.75,25.25,35.25,14.995,14.99,15.008,71.151,27.3
575.84,27.25,25.75,25.25,35.25,15.07,14.984,15.008,71.149,27.3
577.15,27.25,25.75,25.75,35.25,15.038,14.982,14.946,71.15,27.3
578.47,27.25,25.75,25.68,35.25,15.167,14.997,14.943,71.145,27.3
579.78,27.25,25.75,25.75,35.25,15.196,14.939,14.884,71.143,27.3
581.09,27.25,25.75,25.75,35.25,15.109,14.887,14.87,71.149,27.3
582.39,27.25,25.75,25.75,35.25,15.047,14.849,14.875,71.161,27.3
583.7,27.25,25.75,25.75,35.25,15.088,14.779,14.917,71.173,27.3
585.01,27.25,25.75,25.75,35.25,15.009,14.767,14.912,71.189,27.3
586.33,27.25,25.75,25.75,35.25,14.987,14.756,14.972,71.205,27.3
587.64,27.25,25.75,25.75,35.25,14.987,14.744,15.041,71.218,27.3
588.98,27.25,25.75,25.75,35.25,14.91,14.807,14.914,71.237,27.3
590.31,27.25,25.75,25.75,35.25,14.952,14.801,15.013,71.252,27.3
591.63,27.25,25.75,25.75,35.25,14.964,14.855,15.007,71.262,27.3
592.94,27.25,25.75,25.75,35.25,15.05,14.825,15.059,71.267,27.3
594.25,27.25,25.75,25.75,35.25,15.088,14.847,14.888,71.276,27.3
595.55,27.25,25.75,25.75,35.25,15.248,14.885,15.023,71.271,27.3
596.86,27.25,25.75,25.75,35.25,15.221,15.007,14.893,71.264,27.3
598.17,27.25,25.75,25.75,35.25,15.174,14.978,14.881,71.261,27.3
599.47,27.25,25.75,25.75,35.25,15.124,15.041,14.823,71.261,27.3
600.78,27.25,25.75,25.75,35.25,15.185,15.006,14.926,71.256,27.3
602.09,27.25,25.75,25.75,35.25,15.079,14.945,14.948,71.256,27.3
603.42,27.25,25.75,25.75,35.25,15.171,14.898,14.976,71.254,27.3
604.75,27.25,25.75,25.75,35.25,15.142,14.837,14.936,71.258,27.3
606.08,27.25,25.75,25.75,35.25,14.99,14.851,14.968,71.267,27.3
607.4,27.25,25.75,25.75,35.25,14.973,14.802,15.011,71.279,27.3
608.73,27.25,25.75,25.75,35.25,15.054,14.795,14.96,71.29,27.3
610.06,27.25,25.75,25.75,35.25,14.907,14.804,15.043,71.303,27.3
611.39,27.25,25.75,25.75,35.25,14.908,14.844,15.083,71.313,27.3
612.72,27.25,25.75,25.75,35.25,15.033,14.877,15.042,71.317,27.3
614.01,27.25,25.75,25.75,35.75,14.989,14.894,15.1,71.318,27.3
615.31,27.25,25.75,25.75,35.68,15.003,14.831,15.153,71.319,27.3
616.61,27.25,25.75,25.75,35.68,15.065,14.852,15.031,71.321,27.3
617.89,27.25,25.75,25.75,35.75,15.097,14.839,15.06,71.322,27.3
619.18,27.25,25.75,25.75,35.75,15.141,14.753,15.036,71.325,27.3
620.48,27.25,25.75,25.75,35.75,15.129,14.755,15.019,71.33,27.3
621.76,27.25,25.75,25.75,35.75,15.112,14.793,15.002,71.335,27.3
623.06,27.25,25.75,25.75,35.75,15.05,14.755,15.023,71.344,27.3
624.36,27.25,25.75,25.75,35.75,15.078,14.849,14.992,71.349,27.3
625.67,27.25,25.75,25.75,35.75,14.989,14.948,15.061,71.35,27.3
626.98,27.25,25.75,25.75,35.75,15.008,15.022,14.917,71.353,27.3
628.28,27.25,25.75,25.75,35.75,15.078,15.041,14.95,71.35,27.3
629.58,27.25,25.75,25.75,35.75,15.165,15.142,14.96,71.338,27.3
630.87,27.25,25.75,25.75,35.75,15.179,15.033,15.023,71.324,27.3
632.17,27.25,25.75,25.75,35.75,15.199,15.067,15.01,71.309,27.3
633.47,27.25,25.75,25.75,35.75,15.209,14.996,15.078,71.294,27.3
634.75,27.25,25.75,25.75,35.75,15.078,15.036,15.155,71.279,27.3
636.03,27.25,25.75,25.75,35.75,15.011,14.988,15.266,71.264,27.3
637.33,27.25,25.75,25.75,35.75,14.958,15.052,15.245,71.25,27.3
638.61,27.75,25.75,25.75,35.75,14.963,14.928,15.221,71.242,27.3
639.9,27.75,25.75,25.75,35.75,14.936,14.93,15.181,71.238,27.3
641.22,27.75,25.75,25.75,35.75,14.969,14.868,15.089,71.241,27.3
642.51,27.75,25.75,25.75,35.75,14.945,14.868,15.043,71.249,27.3
643.81,27.75,25.75,25.75,35.75,14.975,14.849,14.947,71.26,27.3
645.1,27.75,25.75,25.75,35.75,14.927,14.933,15.04,71.267,27.3
646.41,27.75,25.75,25.75,35.75,14.965,14.959,15.094,71.268,27.3
647.72,27.75,25.75,25.75,35.75,14.954,15.053,15.078,71.264,27.3
649.05,27.75,25.75,25.75,35.75,15.13,14.963,15.1,71.254,27.3
650.35,27.75,25.75,25.75,35.75,15.137,14.95,15.127,71.242,27.3
651.64,27.75,25.75,25.75,35.75,15.17,14.797,15.047,71.239,27.3
652.92,27.75,25.75,25.75,35.75,15.182,14.779,15.071,71.238,27.3
654.24,27.75,25.75,25.75,35.75,15.283,14.742,14.947,71.239,27.3
655.52,27.75,25.75,25.75,35.75,15.192,14.768,14.856,71.247,27.3
656.82,27.75,25.75,25.75,35.75,15.085,14.73,14.893,71.262,27.3
658.1,27.75,25.75,25.75,35.75,15.081,14.813,14.94,71.273,27.3
659.39,27.75,25.75,25.75,35.75,15.096,14.76,14.92,71.285,27.3
660.71,27.75,25.75,25.75,35.75,15.068,14.812,14.966,71.294,27.3
662.02,27.75,25.75,25.75,35.75,15.064,14.843,15.05,71.298,27.3
663.31,27.75,25.75,25.75,35.75,15.164,14.822,15.07,71.296,27.3
664.61,27.75,25.75,25.75,35.75,15.211,14.858,15.009,71.291,27.3
665.89,27.75,25.75,25.75,35.75,15.211,14.86,15.043,71.285,27.3
667.19,27.75,25.75,25.75,35.75,15.245,14.767,15.119,71.278,27.3
668.49,27.75,25.75,25.75,35.75,15.211,14.741,15.096,71.275,27.3
669.77,27.75,25.75,25.75,35.75,15.24,14.793,15.067,71.27,27.3
671.06,27.75,25.75,25.75,35.75,15.23,14.665,15.082,71.27,27.3
672.35,27.75,25.75,25.75,35.75,15.295,14.684,15.121,71.266,27.3
673.64,27.75,25.75,25.75,35.75,15.208,14.691,15.189,71.261,27.3
674.94,27.75,25.75,25.75,35.75,15.205,14.656,15.146,71.259,27.3
676.24,27.75,25.75,25.75,35.75,15.205,14.653,15.156,71.259,27.3
677.52,27.75,25.75,25.75,35.75,15.254,14.778,15.173,71.249,27.3
678.8,27.75,25.75,25.75,35.75,15.089,14.849,15.05,71.248,27.3
680.09,27.75,25.75,25.75,35.75,15.091,14.828,15.001,71.251,27.3
681.41,27.75,25.75,25.75,35.75,15.157,14.785,15.025,71.254,27.3
682.72,27.75,25.75,26.25,35.75,15.145,14.787,15.032,71.256,27.3
684.02,27.75,25.75,26.18,35.75,15.042,14.706,15.056,71.265,27.3
685.3,27.75,25.75,26.25,35.75,15.181,14.677,15.09,71.269,27.3
686.59,27.75,25.75,26.18,35.75,15.205,14.728,15.102,71.268,27.3
687.89,27.75,25.75,26.25,35.75,15.116,14.866,15.094,71.264,27.3
689.17,27.75,25.75,26.25,35.75,15.06,14.863,15.146,71.261,27.3
690.45,27.75,25.75,26.25,35.75,15.128,14.958,15.128,71.25,27.3
691.75,27.75,25.75,26.25,35.75,15.174,14.95,15.119,71.237,27.3
693.05,27.75,25.75,26.25,35.75,15.128,14.934,15.102,71.227,27.3
694.33,27.75,25.75,26.25,35.75,15.188,14.872,15.095,71.218,27.3
695.63,27.75,25.75,26.25,35.75,15.215,14.835,14.954,71.216,27.3
696.94,27.75,25.75,26.25,35.75,15.178,14.766,14.908,71.223,27.3
698.23,27.75,25.75,26.25,35.75,15.073,14.729,14.978,71.234,27.3
699.53,27.75,25.75,26.25,35.75,15.179,14.692,14.945,71.245,27.3
700.85,27.75,25.75,26.25,35.75,15.201,14.703,14.969,71.253,27.3
702.14,27.75,25.75,26.25,35.75,15.194,14.741,15.104,71.252,27.3
703.44,27.75,25.75,26.25,35.75,15.214,14.799,15.095,71.247,27.3
704.74,27.75,25.75,26.25,35.75,15.153,14.858,15.169,71.238,27.3
706.03,27.75,25.75,26.25,35.75,15.054,14.927,15.143,71.23,27.3
707.33,27.75,25.75,26.25,35.75,15.008,14.922,15.165,71.225,27.3
708.63,27.75,25.75,26.25,35.75,15.098,14.891,15.097,71.22,27.3
709.92,27.75,25.75,26.25,35.75,15.194,14.863,15.145,71.21,27.3
711.22,27.75,25.75,26.25,35.75,15.2,14.816,15.105,71.202,27.3
712.5,27.75,26.25,26.25,35.75,15.194,14.842,15.194,71.191,27.3
713.81,27.75,26.18,26.25,35.75,15.168,14.914,15.146,71.178,27.3
715.1,27.75,26.18,26.25,35.75,15.08,14.94,15.179,71.167,27.3
716.39,27.75,26.18,26.25,35.75,14.972,15.007,15.158,71.159,27.3
717.69,27.75,26.18,26.25,35.75,14.929,15.118,15.087,71.151,27.3
718.97,27.75,26.25,26.25,35.75,14.962,15.042,15.01,71.149,27.3
720.25,27.75,26.18,26.25,35.75,14.984,15.006,15.029,71.148,27.3
721.53,27.75,26.18,26.25,35.75,14.934,14.995,15.008,71.151,27.3
722.81,27.75,26.25,26.25,35.75,14.884,14.959,15.108,71.153,27.3
724.11,27.75,26.25,26.25,35.75,14.841,14.934,15.123,71.159,27.3
725.4,27.75,26.25,26.25,35.75,14.754,14.993,15.125,71.165,27.3
726.72,27.75,26.25,26.25,35.75,14.822,14.839,15.13,71.176,27.3
728.01,27.75,26.25,26.25,35.75,14.934,14.913,15.198,71.176,27.3
729.33,27.75,26.18,26.25,35.75,14.958,14.87,15.024,68.027,27.16
730.64,27.75,26.18,26.25,35.75,15.033,14.801,15.036,67.979,27.16
731.95,28.25,26.18,26.25,35.75,14.98,14.738,15.089,67.933,27.16
733.23,28.18,26.18,26.25,35.75,14.765,14.845,15.06,67.895,27.16
734.53,28.18,26.18,26.25,35.75,14.598,14.813,14.997,67.869,27.16
735.83,28.18,26.18,26.25,35.75,14.432,14.859,15.101,67.847,27.16
737.14,28.25,26.25,26.25,35.75,14.281,14.932,15.044,67.831,27.16
738.45,28.25,26.18,26.25,35.75,14.245,14.968,15.078,67.816,27.16
739.75,28.25,26.18,26.25,35.75,14.164,15.02,15.05,67.802,27.16
741.06,28.25,26.18,26.25,35.75,14.005,15.083,15.121,67.79,25.795
742.37,28.25,26.18,26.25,35.75,13.721,15.085,15.159,67.789,25.795
743.68,28.25,26.18,26.25,35.75,13.477,15.08,15.188,67.801,24.675
745,28.25,26.25,26.25,35.75,13.247,15.185,15.243,67.818,24.675
746.31,28.25,26.18,26.25,35.75,13.106,15.219,15.33,67.837,24.675
747.62,28.25,26.25,26.25,35.75,12.941,15.201,15.355,67.863,24.675
748.93,28.25,26.25,26.25,35.75,12.951,15.237,15.313,67.891,23.625
750.25,28.25,26.25,26.25,35.75,12.943,15.262,15.371,67.916,23.625
751.56,28.25,26.25,26.25,35.75,13.013,15.22,15.313,67.94,23.625
752.87,28.25,26.18,26.25,35.75,13.004,15.176,15.396,67.964,23.625
754.18,28.25,26.25,26.25,35.75,13.047,15.196,15.368,67.986,23.625
755.48,28.18,26.25,26.25,35.75,13.144,15.246,15.416,67.999,23.625
756.79,28.25,26.18,26.25,36.25,13.281,15.275,15.386,68.004,23.625
758.09,28.18,26.18,26.25,36.25,13.302,15.265,15.416,68.005,23.625
759.39,28.18,26.18,26.25,36.18,13.285,15.338,15.401,68.005,23.625
760.7,28.18,26.18,26.25,36.25,13.283,15.333,15.469,68.001,23.625
761.98,28.18,26.18,26.25,36.25,13.31,15.284,15.474,67.997,23.625
763.28,28.18,26.18,26.25,36.25,13.179,15.298,15.507,67.997,23.625
764.58,28.18,26.18,26.25,36.25,13.072,15.294,15.498,68.003,23.625
765.86,28.18,26.18,26.25,36.25,13.111,15.296,15.377,68.014,23.625
767.16,28.18,26.18,26.25,36.25,13.13,15.289,15.294,68.029,23.625
768.44,28.18,26.18,26.75,36.25,13.093,15.381,15.297,68.042,23.625
769.74,28.18,26.18,26.75,36.25,13.145,15.371,15.309,68.053,23.625
771.03,28.18,26.18,26.75,36.25,13.26,15.33,15.329,68.058,23.625
772.33,28.18,26.18,26.75,36.25,13.211,15.403,15.442,68.057,23.625
773.63,28.18,26.18,26.75,36.25,13.229,15.511,15.44,68.048,23.625
774.91,28.18,26.18,26.75,36.25,13.26,15.427,15.423,68.041,23.625
776.21,28.18,26.18,26.75,36.25,13.246,15.482,15.468,68.031,23.625
777.5,28.18,26.18,26.75,36.25,13.225,15.538,15.513,68.017,23.625
778.81,28.18,26.18,26.75,36.25,13.229,15.459,15.451,68.008,23.625
780.13,28.18,26.18,26.75,36.25,13.237,15.341,15.508,68.002,23.625
781.42,28.18,26.18,26.75,36.25,13.15,15.358,15.533,68,23.625
782.72,28.18,26.18,26.75,36.25,13.148,15.331,15.525,67.999,23.625
784.02,28.18,26.18,26.75,36.18,13.148,15.411,15.396,68.001,23.625
785.32,28.18,26.18,26.75,36.25,13.16,15.468,15.466,67.997,23.625
786.61,28.18,26.18,26.75,36.25,13.079,15.53,15.466,67.993,23.625
787.92,28.18,26.18,26.75,36.25,13.075,15.505,15.496,67.989,23.625
789.22,28.18,26.18,26.75,36.18,13.042,15.455,15.501,67.988,23.625
790.52,28.18,26.18,26.75,36.18,12.965,15.469,15.616,67.986,23.625
791.82,28.18,26.18,26.75,36.18,12.948,15.481,15.577,67.985,23.625
793.11,28.18,26.18,26.75,36.18,12.95,15.432,15.577,67.987,23.625
794.41,28.18,26.18,26.75,36.18,13.042,15.481,15.558,67.983,23.625
795.71,28.18,26.18,26.75,36.18,13.089,15.493,15.522,67.978,23.625
797,28.18,26.18,26.75,36.18,13.152,15.433,15.5,67.973,23.625
798.32,28.18,26.18,26.75,36.18,13.106,15.432,15.553,67.968,23.625
799.63,28.18,26.18,26.75,36.18,13.277,15.386,15.5,67.96,23.625
800.96,28.18,26.18,26.75,36.18,13.236,15.376,15.492,67.953,23.625
802.25,28.18,26.18,26.75,36.18,13.242,15.426,15.54,67.943,23.625
803.57,28.18,26.18,26.75,36.18,13.171,15.368,15.594,67.935,23.625
804.86,28.18,26.18,26.75,36.18,13.217,15.359,15.532,67.928,23.625
806.16,28.18,26.18,26.75,36.18,13.076,15.413,15.607,67.923,23.625
807.46,28.18,26.18,26.75,36.18,13.113,15.338,15.511,67.923,23.625
808.75,28.18,26.18,26.75,36.18,13.07,15.263,15.458,67.933,23.625
810.03,28.18,26.18,26.75,36.18,13.092,15.339,15.397,67.943,23.625
811.33,28.18,26.18,26.75,36.18,13.123,15.268,15.431,67.953,23.625
812.63,28.18,26.18,26.75,36.18,13.069,15.273,15.45,67.964,23.625
813.92,28.18,26.18,26.75,36.18,12.979,15.356,15.462,67.975,23.625
815.22,28.18,26.18,26.75,36.18,13.01,15.468,15.54,67.977,23.625
816.5,28.18,26.18,26.75,36.18,13.046,15.429,15.56,67.975,23.625
817.8,28.18,26.18,26.75,36.18,13.026,15.542,15.571,67.969,23.625
819.1,28.18,26.18,26.75,36.18,12.969,15.605,15.529,67.962,23.625
820.41,28.18,26.18,26.75,36.18,13.012,15.524,15.674,67.952,23.625
821.7,28.18,26.18,26.75,36.18,12.937,15.384,15.628,67.952,23.625
823.02,28.18,26.18,26.75,36.18,12.909,15.377,15.605,67.957,23.625
824.33,28.18,26.18,26.75,36.18,12.854,15.319,15.533,67.972,23.625
825.63,28.18,26.18,26.75,36.18,13.039,15.258,15.513,67.983,23.625
826.92,28.18,26.18,26.75,36.18,13.072,15.284,15.495,67.992,23.625
828.22,27.68,26.18,26.75,36.18,13.144,15.376,15.481,67.994,23.625
829.52,27.68,26.18,26.75,36.18,13.197,15.38,15.534,67.989,23.625
830.81,27.68,26.18,26.75,36.18,13.211,15.349,15.574,67.982,23.625
832.11,27.68,26.18,26.75,36.18,13.099,15.324,15.702,67.975,23.625
833.41,27.68,26.18,26.75,36.18,13.069,15.401,15.632,67.969,23.625
834.7,27.68,26.18,26.75,36.18,13.02,15.257,15.713,67.968,23.625
836.02,27.68,26.18,26.75,36.18,12.957,15.322,15.643,67.971,23.625
837.33,27.68,26.18,26.75,36.18,12.965,15.312,15.723,67.972,23.625
838.64,27.68,26.18,26.75,36.18,12.971,15.332,15.618,67.976,23.625
839.94,27.68,26.18,26.75,36.18,13.02,15.279,15.652,67.979,23.625
841.23,27.68,26.18,26.75,36.18,13.018,15.391,15.603,67.979,23.625
842.55,27.68,26.18,26.75,36.18,13.024,15.308,15.603,67.982,23.625
843.84,27.68,26.18,26.75,36.18,13.137,15.299,15.544,67.983,23.625
845.14,27.68,26.18,26.75,36.18,13.222,15.348,15.548,67.978,23.625
846.44,27.68,26.18,26.75,36.18,13.179,15.439,15.603,67.967,23.625
847.73,27.68,26.18,26.75,36.18,13.268,15.545,15.58,67.947,23.625
849.03,27.68,26.18,26.75,36.18,13.256,15.555,15.586,67.925,23.625
850.33,27.68,26.18,26.75,36.18,13.171,15.57,15.566,67.907,23.625
851.61,27.68,26.18,26.75,36.18,13.08,15.506,15.489,67.9,23.625
852.91,27.68,26.18,26.75,36.18,13.113,15.373,15.468,67.902,23.625
854.19,27.68,26.18,26.75,36.18,12.99,15.199,15.466,67.918,23.625
855.49,27.68,26.18,26.75,36.18,12.974,15.261,15.521,67.932,23.625
856.78,27.68,26.18,27.25,36.18,12.962,15.171,15.509,67.951,23.625
858.07,27.68,26.18,27.18,36.18,13.002,15.191,15.601,67.964,23.625
859.38,27.68,26.18,27.25,36.18,12.907,15.317,15.591,67.975,23.625
860.69,27.68,26.18,27.25,36.18,12.928,15.461,15.624,67.976,23.625
861.99,27.68,26.18,27.25,36.18,12.957,15.451,15.571,67.977,23.625
863.28,27.68,26.18,27.25,36.18,12.925,15.551,15.593,67.974,23.625
864.58,27.68,26.18,27.25,36.18,12.857,15.522,15.642,67.972,23.625
865.88,27.68,26.18,27.25,35.68,12.837,15.463,15.609,67.976,23.625
867.17,27.68,26.18,27.25,35.68,12.833,15.495,15.539,67.983,23.625
868.49,27.68,26.18,27.25,35.68,12.914,15.522,15.547,67.985,23.625
869.78,27.68,26.18,27.25,35.68,12.982,15.583,15.529,67.981,23.625
871.08,27.68,26.18,27.25,35.68,13.06,15.598,15.488,67.974,23.625
872.38,27.68,26.18,27.25,35.68,13.139,15.573,15.508,67.962,23.625
873.67,27.68,26.18,27.25,35.68,13.176,15.41,15.651,67.949,23.625
874.97,27.68,26.18,27.25,35.68,13.03,15.354,15.686,67.943,23.625
876.27,27.68,26.18,27.25,35.68,12.949,15.25,15.739,67.945,23.625
877.57,27.68,26.18,27.25,35.68,13.049,15.274,15.649,67.947,23.625
878.86,27.68,26.18,27.25,35.68,13.098,15.257,15.621,67.949,23.625
880.16,27.68,26.18,27.25,35.68,13.114,15.311,15.508,67.952,23.625
881.46,27.68,26.18,27.25,35.68,13.184,15.333,15.513,67.951,23.625
882.75,27.68,26.18,27.25,35.68,13.263,15.398,15.453,67.946,23.625
884.06,27.68,26.18,27.25,35.68,13.205,15.388,15.543,67.939,23.625
885.36,27.68,26.18,27.25,35.68,13.121,15.435,15.591,67.931,23.625
886.66,27.68,26.18,27.25,35.68,13.073,15.364,15.593,67.928,23.625
887.96,27.68,26.18,27.25,35.68,13.095,15.334,15.55,67.928,23.625
889.25,27.68,26.18,27.25,35.68,13.083,15.234,15.533,67.935,23.625
890.55,27.18,26.18,27.25,35.68,12.97,15.216,15.506,67.95,23.625
891.85,27.18,26.18,27.25,35.68,12.948,15.244,15.472,67.969,23.625
893.14,27.18,26.18,27.25,35.68,12.966,15.253,15.511,67.984,23.625
894.44,27.18,26.18,27.25,35.68,12.875,15.299,15.556,67.999,23.625
895.75,27.18,26.18,27.25,35.68,12.867,15.376,15.6,68.009,23.625
897.05,27.18,26.18,27.25,35.68,12.935,15.419,15.57,68.014,23.625
898.34,27.18,26.18,27.25,35.68,12.907,15.439,15.501,68.022,23.625
899.66,27.18,26.18,27.25,35.68,12.885,15.456,15.488,68.031,23.625
900.97,27.18,26.18,27.25,35.68,12.877,15.431,15.436,68.045,23.625
902.27,27.18,26.18,27.25,35.68,12.825,15.433,15.394,68.063,23.625
903.56,27.18,26.18,27.25,35.68,12.87,15.354,15.398,68.084,23.625
904.86,27.18,26.18,27.25,35.68,12.946,15.337,15.473,68.099,23.625
906.16,27.18,26.18,27.25,35.68,13.107,15.379,15.445,68.104,23.625
907.47,27.18,26.18,27.25,35.68,13.198,15.391,15.447,68.104,23.625
908.77,27.18,26.18,27.25,35.68,13.314,15.327,15.538,68.095,23.625
910.06,27.18,26.18,27.25,35.68,13.183,15.482,15.512,68.085,23.625
911.36,27.18,26.18,27.25,35.68,13.179,15.483,15.455,68.078,23.625
912.66,27.18,26.18,27.25,35.68,13.115,15.538,15.391,68.075,23.625
913.95,27.18,26.18,27.25,35.68,13.15,15.571,15.402,66.491,23.59
915.25,27.18,26.18,27.25,35.68,13.119,15.649,15.311,66.459,23.59
916.54,27.18,26.18,27.25,35.68,13.192,15.585,15.392,66.422,23.59
917.83,27.18,26.18,27.25,35.68,13.15,15.503,15.338,66.393,23.59
919.11,27.18,26.18,27.25,35.68,13.029,15.504,15.425,66.367,23.59
920.4,27.18,26.18,27.25,35.68,12.998,15.539,15.405,66.343,23.59
921.68,27.18,26.18,27.25,35.68,12.91,15.613,15.45,66.317,23.59
922.98,27.18,26.18,27.25,35.68,12.938,15.586,15.43,66.291,23.59
924.28,27.18,26.18,27.25,35.68,13.023,15.649,15.411,66.26,23.59
925.56,27.18,26.18,27.25,35.68,13.173,15.632,15.259,66.229,23.59
926.84,27.18,26.18,27.25,35.68,13.138,15.546,15.215,66.205,23.59
928.12,27.18,26.18,27.25,35.68,13.221,15.52,15.134,66.184,23.59
929.42,27.18,26.18,27.25,35.68,13.213,15.476,15.129,66.165,23.59
930.72,27.18,26.18,27.25,35.68,13.166,15.407,15.176,66.151,23.59
932,27.18,26.18,27.25,35.68,13.116,15.406,15.198,66.138,23.59
933.29,27.18,26.18,27.25,35.68,13.094,15.441,15.11,66.129,23.59
934.59,27.18,26.18,27.25,35.68,13.094,15.422,15.19,66.118,23.59
935.89,27.18,26.18,27.25,35.68,13.129,15.478,14.985,66.112,23.59
937.18,27.18,26.18,27.25,35.68,13.133,15.49,15.007,66.105,23.59
938.48,27.18,26.18,27.25,35.68,13.088,15.513,15.005,66.099,23.59
939.76,27.18,26.18,27.25,35.68,13.123,15.498,15.041,66.091,23.59
941.05,27.18,26.18,27.25,35.68,13.16,15.448,14.947,66.086,23.59
942.34,27.18,26.18,27.25,35.68,13.156,15.42,15.049,66.08,23.59
